2,televisor,4 Hintze Court,Bandfield,Breanne
3,plancha,44943 6th Lane,Bandfield,Griswold
10,aire acondicionado,0151 Ryan Plaza,Bandfield,Jeffry
12,lavarropas,10 Ridge Oak Park,Bandfield,Natividad
16,sillon,073 Tennessee Lane,Bandfield,Tomlin
20,aire acondicionado,52 Meadow Valley Way,Bandfield,Constantina
27,cocina,828 Talisman Park,Bandfield,Bram
29,pava,25 Reinke Road,Bandfield,Tucky
35,aire acondicionado,8 Ilene Junction,Bandfield,Percival
44,aire acondicionado,4288 Petterle Terrace,Bandfield,Dawn
56,cocina,42 Surrey Plaza,Bandfield,Barris
58,mesa,665 Atwood Trail,Bandfield,Aubert
67,sillon,2 Sullivan Parkway,Bandfield,Rodrigo
71,pava,430 Hintze Drive,Bandfield,Marquita
73,plancha,9208 Basil Point,Bandfield,Ortensia
81,secarropas,365 Del Sol Alley,Bandfield,Torrence
89,plancha,34 Russell Terrace,Bandfield,Sheffie
109,televisor,39 Del Sol Trail,Bandfield,Riley
116,cocina,0 Park Meadow Crossing,Bandfield,Thane
122,cocina,74 Mccormick Parkway,Bandfield,Andrew
125,lavarropas,114 Autumn Leaf Pass,Bandfield,Devin
130,silla,17 Doe Crossing Alley,Bandfield,Myrna
131,televisor,976 Pepper Wood Plaza,Bandfield,Lesley
137,secarropas,2318 American Park,Bandfield,Fergus
138,cocina,7 John Wall Road,Bandfield,Doralynn
151,plancha,4566 Pennsylvania Way,Bandfield,Alfy
157,plancha,68 Golf Course Lane,Bandfield,Lindsay
158,cocina,7253 Alpine Road,Bandfield,Reggie
162,mesa,4939 Northland Lane,Bandfield,Gordie
175,aire acondicionado,1000 Farwell Parkway,Bandfield,Olwen
179,silla,114 Mandrake Hill,Bandfield,Reese
184,plancha,740 Roxbury Park,Bandfield,Tiffi
198,aire acondicionado,0 Beilfuss Lane,Bandfield,Beilul
201,mesa,28 Burrows Street,Bandfield,Zia
213,mesa,743 Granby Road,Bandfield,Cad
233,cocina,926 Bashford Junction,Bandfield,Sigismund
248,secarropas,525 Blackbird Center,Bandfield,Zacherie
251,secarropas,164 Crescent Oaks Way,Bandfield,Bronnie
253,televisor,963 Village Plaza,Bandfield,Marcel
254,sillon,89193 Victoria Drive,Bandfield,Rosita
255,cocina,04635 Sycamore Hill,Bandfield,Jaime
261,aire acondicionado,16587 Kensington Drive,Bandfield,Gavrielle
268,secarropas,6 Ruskin Road,Bandfield,Willy
272,mesa,14248 Grayhawk Way,Bandfield,Tallie
280,sillon,5 Jana Court,Bandfield,Fairleigh
284,lavarropas,30 Bartillon Junction,Bandfield,Timothee
293,secarropas,446 Algoma Court,Bandfield,Alleyn
304,televisor,06347 Aberg Trail,Bandfield,Billye
306,lavarropas,38 Independence Center,Bandfield,Drucill
308,secarropas,0186 Ridgeview Road,Bandfield,Cirstoforo
313,plancha,9 Summit Avenue,Bandfield,Ailsun
314,sillon,671 Truax Pass,Bandfield,Benedetto
316,mesa,5 Mandrake Court,Bandfield,Albert
317,televisor,75679 Starling Avenue,Bandfield,Jim
334,sillon,24 Nelson Center,Bandfield,Clement
335,sillon,87502 Kings Trail,Bandfield,Maighdiln
342,silla,8 Park Meadow Crossing,Bandfield,Winna
343,sillon,66144 Roxbury Place,Bandfield,Quintina
344,plancha,676 Lindbergh Drive,Bandfield,Clem
345,cocina,9 Sheridan Hill,Bandfield,Vivianne
350,pava,91 Novick Circle,Bandfield,Eleonora
352,pava,08 Riverside Lane,Bandfield,Peg
355,mesa,40 Artisan Court,Bandfield,Cookie
357,mesa,428 Memorial Way,Bandfield,Barri
358,mesa,904 Prairieview Point,Bandfield,Elspeth
363,aire acondicionado,41619 Maple Lane,Bandfield,Georges
367,lavarropas,64832 Pennsylvania Avenue,Bandfield,Nathanil
370,lavarropas,7 Lighthouse Bay Road,Bandfield,Jo ann
371,lavarropas,685 Macpherson Road,Bandfield,Ardella
372,silla,13319 Lakewood Gardens Alley,Bandfield,Coleen
376,sillon,112 Melrose Crossing,Bandfield,Leighton
392,aire acondicionado,3 Southridge Center,Bandfield,Heidie
396,silla,678 Truax Park,Bandfield,Darrin
408,plancha,3 Esker Place,Bandfield,Mercie
418,mesa,90 Bluejay Trail,Bandfield,Sully
419,televisor,8092 Roth Way,Bandfield,Benny
423,aire acondicionado,94879 Hazelcrest Street,Bandfield,Bathsheba
434,mesa,099 Nobel Trail,Bandfield,Jule
435,secarropas,16 Straubel Road,Bandfield,Gan
441,lavarropas,159 Jackson Court,Bandfield,Stanford
443,lavarropas,66 1st Way,Bandfield,Michal
458,mesa,9025 Warrior Pass,Bandfield,Nowell
472,televisor,3635 Johnson Pass,Bandfield,Stu
473,sillon,88 6th Terrace,Bandfield,Emmie
474,sillon,07743 Del Mar Point,Bandfield,Ariella
477,cocina,3 Esker Alley,Bandfield,Georgianne
484,plancha,356 Northwestern Drive,Bandfield,Jehu
488,secarropas,43 Maywood Pass,Bandfield,Dannye
512,sillon,86056 Hoepker Hill,Bandfield,Marven
515,lavarropas,95940 Clove Crossing,Bandfield,Raynell
523,cocina,3348 Helena Crossing,Bandfield,Zedekiah
526,aire acondicionado,26150 Cordelia Terrace,Bandfield,Rosaleen
533,secarropas,0 Melby Road,Bandfield,Matt
536,secarropas,317 Scoville Center,Bandfield,Brynna
539,aire acondicionado,56000 American Plaza,Bandfield,Christy
542,mesa,281 Novick Court,Bandfield,Ravid
551,sillon,1 Russell Junction,Bandfield,Gawain
556,sillon,2 Swallow Parkway,Bandfield,Ingrid
569,sillon,88 Lakeland Lane,Bandfield,Kat
577,secarropas,6 Dayton Street,Bandfield,Sofia
591,silla,8744 Anderson Terrace,Bandfield,Janet
593,plancha,7 Springview Park,Bandfield,Paolina
595,silla,0 Northland Plaza,Bandfield,Candi
607,lavarropas,3 Southridge Court,Bandfield,Julius
608,lavarropas,02 Scofield Point,Bandfield,Tito
616,televisor,5 Lien Trail,Bandfield,Christian
617,sillon,85 Logan Alley,Bandfield,Rebeka
618,aire acondicionado,22 Blaine Terrace,Bandfield,Pris
627,televisor,7979 Forster Road,Bandfield,Garvy
629,secarropas,0 Ludington Court,Bandfield,Sherie
646,pava,469 North Avenue,Bandfield,Daniela
649,televisor,85 Lunder Circle,Bandfield,Shelli
650,pava,5 Menomonie Alley,Bandfield,Hamnet
654,televisor,39806 Center Street,Bandfield,Louise
669,secarropas,724 Fulton Place,Bandfield,Rozina
670,silla,83835 Steensland Parkway,Bandfield,Chelsey
675,lavarropas,37 Harbort Avenue,Bandfield,Bennett
685,plancha,0498 Hallows Drive,Bandfield,Aggy
686,sillon,97 Paget Junction,Bandfield,Sauveur
692,pava,08 Sutteridge Junction,Bandfield,Muire
697,aire acondicionado,920 Donald Terrace,Bandfield,Jeri
702,plancha,36 Mallory Hill,Bandfield,Thorn
703,lavarropas,2 Amoth Road,Bandfield,Yance
706,secarropas,9903 Sachtjen Pass,Bandfield,Miof mela
716,plancha,0 Debra Parkway,Bandfield,Marney
720,televisor,2 Lukken Trail,Bandfield,Kenn
724,secarropas,42719 Forster Avenue,Bandfield,Gasparo
728,secarropas,385 Welch Junction,Bandfield,L;urette
730,mesa,9 Westport Lane,Bandfield,Sanderson
745,mesa,8 Bayside Plaza,Bandfield,Elisabetta
756,lavarropas,418 Veith Crossing,Bandfield,Myron
762,cocina,00862 Waxwing Hill,Bandfield,Tish
768,cocina,52289 Gateway Hill,Bandfield,Matelda
769,aire acondicionado,84 Susan Road,Bandfield,Kearney
778,lavarropas,71 Schurz Circle,Bandfield,Vachel
789,plancha,2 Troy Lane,Bandfield,Kenyon
791,aire acondicionado,2412 Sugar Street,Bandfield,Morrie
797,mesa,5225 Moulton Center,Bandfield,Jamaal
805,pava,45 Manley Terrace,Bandfield,Ruperto
828,secarropas,18 Anthes Trail,Bandfield,Moe
837,pava,437 Clyde Gallagher Junction,Bandfield,Britt
841,secarropas,8774 Sherman Circle,Bandfield,Sergio
856,secarropas,4 Graedel Road,Bandfield,Dallas
861,lavarropas,1929 Talmadge Trail,Bandfield,Letta
865,aire acondicionado,48003 Di Loreto Center,Bandfield,Urbano
868,pava,7279 Dawn Street,Bandfield,Hendrika
872,plancha,22 David Crossing,Bandfield,Cully
882,aire acondicionado,3175 8th Point,Bandfield,Jacklyn
886,aire acondicionado,8279 Superior Junction,Bandfield,Kelby
890,pava,523 Nelson Park,Bandfield,Cathleen
894,sillon,21 Rowland Lane,Bandfield,Wang
897,mesa,164 Pennsylvania Circle,Bandfield,Minette
898,sillon,092 Lawn Avenue,Bandfield,Melonie
913,cocina,8 Memorial Alley,Bandfield,Nisse
921,sillon,5870 Village Place,Bandfield,Lydia
922,pava,609 Vernon Pass,Bandfield,Stu
935,secarropas,09 Vahlen Alley,Bandfield,Jobi
954,sillon,61174 Messerschmidt Park,Bandfield,Alma
960,mesa,18364 Milwaukee Trail,Bandfield,Eydie
963,pava,7 Mandrake Avenue,Bandfield,Neal
965,lavarropas,88 Stang Pass,Bandfield,Noami
967,aire acondicionado,38 Hayes Center,Bandfield,Solomon
970,silla,607 Dunning Place,Bandfield,Alena
979,mesa,8 Meadow Ridge Hill,Bandfield,Taddeo
982,pava,30582 Fieldstone Circle,Bandfield,Brana
998,secarropas,18 Evergreen Pass,Bandfield,Colas
